Unit ID	ISP	Technology	State	Census	timezone_offset	timezone_offset_dst	Download	Upload	Whitebox Model
447	Verizon	Fiber	PA	Northeast	-5	-4	75	75	wnr3500l-high
1014	Verizon	Fiber	NJ	Northeast	-5	-4	100	100	wnr3500l-high
5521	Verizon	Fiber	MD	South	-5	-4	100	100	wnr3500l-high
5875	Verizon	Fiber	VA	South	-5	-4	100	100	wnr3500l-high
5968	Verizon	Fiber	MA	Northeast	-5	-4	75	75	wnr3500l-high
7842	Verizon	Fiber	MA	Northeast	-5	-4	75	75	wnr3500l-high
7937	Verizon	Fiber	VA	South	-5	-4	100	100	wnr3500l-high
9555	Verizon	Fiber	NJ	Northeast	-5	-4	100	100	wnr3500l-high
10571	Verizon	Fiber	MA	Northeast	-5	-4	100	100	wnr3500l-high
10626	Verizon	Fiber	NE	Midwest	-6	-5	100	100	wnr3500l-high
11457	Verizon	Fiber	VA	South	-5	-4	75	75	wnr3500l-high
12485	Verizon	Fiber	VA	South	-5	-4	100	100	wnr3500l-high
12532	Verizon	Fiber	VA	South	-5	-4	100	100	wnr3500l-high
12757	Verizon	Fiber	MA	Northeast	-5	-4	75	75	wnr3500l-high
12979	Verizon	Fiber	MD	South	-5	-4	100	100	wnr3500l-high
13150	Verizon	Fiber	PA	Northeast	-5	-4	75	75	wnr3500l-high
14684	Verizon	Fiber	RI	Northeast	-5	-4	100	100	wnr3500l-high
26477	Verizon	Fiber	MA	Northeast	-5	-4	75	75	wr1043nd
26623	Verizon	Fiber	VA	South	-5	-4	100	100	wr1043nd
26672	Verizon	Fiber	NJ	Northeast	-5	-4	75	75	wr741nd
566354	Verizon	Fiber	MD	South	-5	-4	75	75	wr741ndv4
638372	Verizon	Fiber	MA	Northeast	-5	-4	100	100	wdr3600
660260	Verizon	Fiber	PA	Northeast	-5	-4	100	100	wdr3600
660302	Verizon	Fiber	NJ	Northeast	-5	-4	100	100	wdr3600
661060	Verizon	Fiber	VA	South	-5	-4	200	200	wdr3600
675986	Verizon	Fiber	PA	Northeast	-5	-4	200	200	wdr3600
797080	Verizon	Fiber	NY	Northeast	-5	-4	100	100	wdr3600
925886	Cincinnati Bell	Fiber	OH	Midwest	-5	-4	250	100	ac1750v2
925928	Cincinnati Bell	Fiber	OH	Midwest	-5	-4	500	125	ac1750v2
925942	Cincinnati Bell	Fiber	OH	Midwest	-5	-4	500	125	ac1750v2
940708	Cincinnati Bell	Fiber	OH	Midwest	-5	-4	250	100	ac1750v2
940722	Cincinnati Bell	Fiber	OH	Midwest	-5	-4	250	100	ac1750v2
940736	Cincinnati Bell	Fiber	OH	Midwest	-5	-4	500	125	ac1750v2
940798	Cincinnati Bell	Fiber	OH	Midwest	-5	-4	500	125	ac1750v2
941740	Cincinnati Bell	Fiber	OH	Midwest	-5	-4	500	125	ac1750v2
941782	Frontier	Fiber	TX	South	-6	-5	500	500	ac1750v2
941974	Verizon	Fiber	VA	South	-5	-4	100	100	ac1750v2
942020	Verizon	Fiber	MD	South	-5	-4	100	100	ac1750v2
942138	Verizon	Fiber	NJ	Northeast	-5	-4	100	100	ac1750v2
942200	Verizon	Fiber	NY	Northeast	-5	-4	100	100	ac1750v2
942214	Cincinnati Bell	Fiber	OH	Midwest	-5	-4	500	125	ac1750v2
942216	Cincinnati Bell	Fiber	OH	Midwest	-5	-4	500	125	ac1750v2
942250	Verizon	Fiber	PA	Northeast	-5	-4	100	100	ac1750v2
942274	Frontier	Fiber	TX	South	-6	-5	500	500	ac1750v2
942630	Frontier	Fiber	FL	South	-5	-4	500	500	ac1750v2
942822	Cincinnati Bell	Fiber	OH	Midwest	-5	-4	500	125	ac1750v2
943190	Cincinnati Bell	Fiber	OH	Midwest	-5	-4	250	100	ac1750v2
943226	Cincinnati Bell	Fiber	OH	Midwest	-5	-4	500	125	ac1750v2
943230	Cincinnati Bell	Fiber	OH	Midwest	-5	-4	500	125	ac1750v2
943232	Cincinnati Bell	Fiber	OH	Midwest	-5	-4	500	125	ac1750v2
943236	Cincinnati Bell	Fiber	OH	Midwest	-5	-4	500	125	ac1750v2
943266	Cincinnati Bell	Fiber	KY	South	-5	-4	500	125	ac1750v2
943306	Cincinnati Bell	Fiber	OH	Midwest	-5	-4	250	100	ac1750v2
945122	Cincinnati Bell	Fiber	OH	Midwest	-5	-4	250	100	ac1750v2
947084	Cincinnati Bell	Fiber	OH	Midwest	-5	-4	500	125	ac1750v2
948646	Cincinnati Bell	Fiber	OH	Midwest	-5	-4	500	125	skwb8
948764	Cincinnati Bell	Fiber	OH	Midwest	-5	-4	500	125	skwb8
948842	Cincinnati Bell	Fiber	OH	Midwest	-5	-4	250	100	skwb8
948844	Cincinnati Bell	Fiber	KY	South	-5	-4	500	125	skwb8
950176	Verizon	Fiber	MD	South	-5	-4	100	100	skwb8
996265	Verizon	Fiber	VA	South	-5	-4	200	200	skwb8
997351	Verizon	Fiber	VA	South	-5	-4	200	200	skwb8
998059	Frontier	Fiber	FL	South	-5	-4	500	500	skwb8
998971	Cincinnati Bell	Fiber	OH	Midwest	-5	-4	500	125	skwb8
1000023	Verizon	Fiber	MA	Northeast	-5	-4	200	200	skwb8
1000127	Cincinnati Bell	Fiber	OH	Midwest	-5	-4	500	125	skwb8
1000143	Cincinnati Bell	Fiber	OH	Midwest	-5	-4	250	100	skwb8
1000161	Frontier	Fiber	CA	West	-8	-7	500	500	skwb8
1000183	Frontier	Fiber	CA	West	-8	-7	500	500	skwb8
1000764	Cincinnati Bell	Fiber	OH	Midwest	-5	-4	500	125	skwb8
1000774	Cincinnati Bell	Fiber	OH	Midwest	-5	-4	500	125	skwb8
1000776	Cincinnati Bell	Fiber	OH	Midwest	-5	-4	250	100	skwb8
1000850	Frontier	Fiber	FL	South	-5	-4	500	500	skwb8
1000852	Cincinnati Bell	Fiber	OH	Midwest	-5	-4	500	125	skwb8
1000924	Cincinnati Bell	Fiber	OH	Midwest	-5	-4	500	125	skwb8
1000946	Cincinnati Bell	Fiber	OH	Midwest	-5	-4	500	125	skwb8
1000972	Frontier	Fiber	TX	South	-6	-5	500	500	skwb8
1001188	Verizon	Fiber	MA	Northeast	-5	-4	75	75	skwb8
1001298	Verizon	Fiber	MD	South	-5	-4	200	200	skwb8
1001336	Verizon	Fiber	PA	Northeast	-5	-4	100	100	skwb8
1001922	Verizon	Fiber	VA	South	-5	-4	100	100	skwb8
1001956	Verizon	Fiber	NY	Northeast	-5	-4	100	100	skwb8
1001984	Verizon	Fiber	PA	Northeast	-5	-4	200	200	skwb8
1002070	Verizon	Fiber	MD	South	-5	-4	100	100	skwb8
1002196	Verizon	Fiber	MA	Northeast	-5	-4	100	100	skwb8
1002462	Verizon	Fiber	MA	Northeast	-5	-4	75	75	skwb8
1006458	Cincinnati Bell	Fiber	OH	Midwest	-5	-4	250	100	skwb8
1006488	Frontier	Fiber	TX	South	-6	-5	500	500	skwb8
1006778	Cincinnati Bell	Fiber	KY	South	-5	-4	250	100	skwb8
1006958	Verizon	Fiber	PA	Northeast	-5	-4	75	75	skwb8
1009424	Cincinnati Bell	Fiber	OH	Midwest	-5	-4	500	125	skwb8
1009454	Cincinnati Bell	Fiber	OH	Midwest	-5	-4	500	125	skwb8
1010046	Frontier	Fiber	FL	South	-5	-4	500	500	skwb8
1010466	Cincinnati Bell	Fiber	OH	Midwest	-5	-4	250	100	skwb8
1011922	Verizon	Fiber	VA	South	-5	-4	200	200	skwb8
3551837	Verizon	Fiber	PA	Northeast	-5	-4	200	200	skwb8
3551845	Verizon	Fiber	VA	South	-5	-4	100	100	skwb8
3551869	Verizon	Fiber	MD	South	-5	-4	100	100	skwb8
3551873	Verizon	Fiber	NJ	Northeast	-5	-4	200	200	skwb8
3602917	Verizon	Fiber	VA	South	-5	-4	200	200	skwb8
3708573	Frontier	Fiber	TX	South	-6	-5	500	500	skwb8
3708677	Frontier	Fiber	CA	West	-8	-7	500	500	skwb8
3766945	Frontier	Fiber	FL	South	-5	-4	500	500	skwb8
3782201	Frontier	Fiber	TX	South	-6	-5	500	500	skwb8
3798741	Verizon	Fiber	VA	South	-5	-4	200	200	skwb8
3798765	Verizon	Fiber	PA	Northeast	-5	-4	100	100	skwb8
3798789	Cincinnati Bell	Fiber	OH	Midwest	-5	-4	250	100	skwb8
3798801	Cincinnati Bell	Fiber	OH	Midwest	-5	-4	500	125	skwb8
3799009	Cincinnati Bell	Fiber	OH	Midwest	-5	-4	500	125	skwb8
3814533	Cincinnati Bell	Fiber	OH	Midwest	-5	-4	500	125	skwb8
3814777	Cincinnati Bell	Fiber	OH	Midwest	-5	-4	500	125	skwb8
3814781	Cincinnati Bell	Fiber	OH	Midwest	-5	-4	500	125	skwb8
3814873	Cincinnati Bell	Fiber	OH	Midwest	-5	-4	500	125	skwb8
3814893	Cincinnati Bell	Fiber	KY	South	-5	-4	500	125	skwb8
3814905	Cincinnati Bell	Fiber	OH	Midwest	-5	-4	500	125	skwb8
3814917	Cincinnati Bell	Fiber	OH	Midwest	-5	-4	500	125	skwb8
3880293	Cincinnati Bell	Fiber	OH	Midwest	-5	-4	500	125	skwb8
3880401	Cincinnati Bell	Fiber	OH	Midwest	-5	-4	500	125	skwb8
3880653	Cincinnati Bell	Fiber	OH	Midwest	-5	-4	500	125	skwb8
3892905	Cincinnati Bell	Fiber	OH	Midwest	-5	-4	500	125	skwb8
3892917	Cincinnati Bell	Fiber	KY	South	-5	-4	500	125	skwb8
3894077	Frontier	Fiber	IN	Midwest	-5	-4	500	500	skwb8
3894181	Frontier	Fiber	TX	South	-6	-5	500	500	skwb8
3898433	Verizon	Fiber	DE	South	-5	-4	200	200	skwb8
3898529	Cincinnati Bell	Fiber	OH	Midwest	-5	-4	500	125	skwb8
3898913	Cincinnati Bell	Fiber	OH	Midwest	-5	-4	500	125	skwb8
3914289	Frontier	Fiber	CT	Northeast	-5	-4	500	500	skwb8
3952461	Frontier	Fiber	TX	South	-6	-5	500	500	skwb8
3994885	Cincinnati Bell	Fiber	OH	Midwest	-5	-4	500	125	skwb8
3994925	Cincinnati Bell	Fiber	OH	Midwest	-5	-4	500	125	skwb8
4172701	Frontier	Fiber	CA	West	-8	-7	500	500	skwb8
4172713	Frontier	Fiber	CA	West	-8	-7	500	500	skwb8
4172725	Frontier	Fiber	FL	South	-5	-4	500	500	skwb8
4190285	Verizon	Fiber	MD	South	-5	-4	100	100	skwb8
5281653	Cincinnati Bell	Fiber	OH	Midwest	-5	-4	500	125	skwb8
22634805	Verizon	Fiber	VA	South	-5	-4	200	200	skwb8
24195149	Cincinnati Bell	Fiber	OH	Midwest	-5	-4	250	100	skwb8
24329061	Cincinnati Bell	Fiber	KY	South	-5	-4	250	100	skwb8
24329113	Cincinnati Bell	Fiber	OH	Midwest	-5	-4	500	125	skwb8
24329557	Cincinnati Bell	Fiber	OH	Midwest	-5	-4	250	100	skwb8
24360105	Cincinnati Bell	Fiber	OH	Midwest	-5	-4	500	125	skwb8
24525817	Cincinnati Bell	Fiber	OH	Midwest	-5	-4	500	125	skwb8
24525893	Cincinnati Bell	Fiber	OH	Midwest	-5	-4	500	125	skwb8
24558841	Cincinnati Bell	Fiber	OH	Midwest	-5	-4	500	125	skwb8
24558885	Cincinnati Bell	Fiber	OH	Midwest	-5	-4	500	125	skwb8
24558953	Cincinnati Bell	Fiber	OH	Midwest	-5	-4	500	125	skwb8
24558989	Cincinnati Bell	Fiber	OH	Midwest	-5	-4	500	125	skwb8
24559045	Cincinnati Bell	Fiber	OH	Midwest	-5	-4	250	100	skwb8
24559133	Cincinnati Bell	Fiber	OH	Midwest	-5	-4	500	125	skwb8
24733221	Cincinnati Bell	Fiber	OH	Midwest	-5	-4	500	125	skwb8
24733257	Cincinnati Bell	Fiber	OH	Midwest	-5	-4	500	125	skwb8
24733281	Cincinnati Bell	Fiber	OH	Midwest	-5	-4	500	125	skwb8
24733397	Cincinnati Bell	Fiber	OH	Midwest	-5	-4	500	125	skwb8
24733425	Cincinnati Bell	Fiber	OH	Midwest	-5	-4	250	100	skwb8
24733541	Cincinnati Bell	Fiber	OH	Midwest	-5	-4	250	100	skwb8
24734281	Frontier	Fiber	CA	West	-8	-7	500	500	skwb8
24767653	Cincinnati Bell	Fiber	OH	Midwest	-5	-4	500	125	skwb8
24767669	Cincinnati Bell	Fiber	OH	Midwest	-5	-4	500	125	skwb8
24767673	Cincinnati Bell	Fiber	KY	South	-5	-4	500	125	skwb8
24767701	Cincinnati Bell	Fiber	OH	Midwest	-5	-4	250	100	skwb8
24806509	Frontier	Fiber	CA	West	-8	-7	500	500	skwb8
24806517	Frontier	Fiber	FL	South	-5	-4	500	500	skwb8
24806645	Frontier	Fiber	TX	South	-6	-5	500	500	skwb8
24806665	Frontier	Fiber	FL	South	-5	-4	500	500	skwb8
24806681	Frontier	Fiber	FL	South	-5	-4	500	500	skwb8
24806749	Frontier	Fiber	TX	South	-6	-5	500	500	skwb8
24806841	Frontier	Fiber	CA	West	-8	-7	500	500	skwb8
24806961	Frontier	Fiber	FL	South	-5	-4	500	500	skwb8
24807017	Frontier	Fiber	FL	South	-5	-4	500	500	skwb8
24807141	Frontier	Fiber	IN	Midwest	-5	-4	500	500	skwb8
24807209	Frontier	Fiber	TX	South	-6	-5	500	500	skwb8
24807269	Frontier	Fiber	TX	South	-6	-5	500	500	skwb8
24839469	Frontier	Fiber	FL	South	-5	-4	500	500	skwb8
24839509	Frontier	Fiber	TX	South	-6	-5	500	500	skwb8
24839649	Frontier	Fiber	TX	South	-6	-5	500	500	skwb8
24839733	Frontier	Fiber	CA	West	-8	-7	500	500	skwb8
24839785	Frontier	Fiber	FL	South	-5	-4	500	500	skwb8
24840041	Frontier	Fiber	CA	West	-8	-7	500	500	skwb8
24840653	Cincinnati Bell	Fiber	OH	Midwest	-5	-4	500	125	skwb8
24869165	Frontier	Fiber	FL	South	-5	-4	500	500	skwb8
25170393	Verizon	Fiber	NJ	Northeast	-5	-4	75	75	skwb8
25170409	Verizon	Fiber	VA	South	-5	-4	100	100	skwb8
25170473	Verizon	Fiber	MA	Northeast	-5	-4	75	75	skwb8
25170477	Verizon	Fiber	NY	Northeast	-5	-4	75	75	skwb8
25170505	Verizon	Fiber	NY	Northeast	-5	-4	75	75	skwb8
25170509	Verizon	Fiber	NY	Northeast	-5	-4	75	75	skwb8
25314109	Verizon	Fiber	NJ	Northeast	-5	-4	100	100	skwb8
25314149	Verizon	Fiber	PA	Northeast	-5	-4	100	100	skwb8
25314177	Verizon	Fiber	NY	Northeast	-5	-4	75	75	skwb8
25314253	Verizon	Fiber	NJ	Northeast	-5	-4	100	100	skwb8
25314289	Verizon	Fiber	PA	Northeast	-5	-4	75	75	skwb8
25314293	Verizon	Fiber	NY	Northeast	-5	-4	75	75	skwb8
25619365	Cincinnati Bell	Fiber	KY	South	-5	-4	500	125	skwb8
25658001	Cincinnati Bell	Fiber	OH	Midwest	-5	-4	500	125	skwb8
25658013	Cincinnati Bell	Fiber	OH	Midwest	-5	-4	500	125	skwb8
25658017	Cincinnati Bell	Fiber	OH	Midwest	-5	-4	500	125	skwb8
25658105	Cincinnati Bell	Fiber	OH	Midwest	-5	-4	500	125	skwb8
25658121	Cincinnati Bell	Fiber	OH	Midwest	-5	-4	500	125	skwb8
25658129	Cincinnati Bell	Fiber	OH	Midwest	-5	-4	500	125	skwb8
25658141	Cincinnati Bell	Fiber	KY	South	-5	-4	500	125	skwb8
25658145	Cincinnati Bell	Fiber	OH	Midwest	-5	-4	500	125	skwb8
25754677	Frontier	Fiber	CA	West	-8	-7	500	500	skwb8
25754945	Frontier	Fiber	CT	Northeast	-5	-4	500	500	skwb8
25755141	Verizon	Fiber	MD	South	-5	-4	100	100	skwb8
25755169	Verizon	Fiber	RI	Northeast	-5	-4	200	200	skwb8
25755241	Cincinnati Bell	Fiber	KY	South	-5	-4	500	125	skwb8
25834689	Cincinnati Bell	Fiber	OH	Midwest	-5	-4	500	125	skwb8
25886369	Verizon	Fiber	PA	Northeast	-5	-4	75	75	skwb8
26114189	Verizon	Fiber	VA	South	-5	-4	100	100	skwb8
26114281	Frontier	Fiber	AL	South	-6	-5	500	500	skwb8
26226097	Cincinnati Bell	Fiber	OH	Midwest	-5	-4	500	125	skwb8
26397869	Cincinnati Bell	Fiber	OH	Midwest	-5	-4	500	125	skwb8
26437409	Verizon	Fiber	PA	Northeast	-5	-4	75	75	skwb8
26490397	Cincinnati Bell	Fiber	OH	Midwest	-5	-4	250	100	skwb8
26490401	Cincinnati Bell	Fiber	OH	Midwest	-5	-4	500	125	skwb8
26490529	Verizon	Fiber	MA	Northeast	-5	-4	100	100	skwb8
26748541	Verizon	Fiber	NJ	Northeast	-5	-4	75	75	skwb8
32180549	Cincinnati Bell	Fiber	OH	Midwest	-5	-4	500	125	skwb8
33658777	Cincinnati Bell	Fiber	KY	South	-5	-4	500	125	skwb8
35457057	Verizon	Fiber	MD	South	-5	-4	200	200	skwb8
35787417	Verizon	Fiber	NY	Northeast	-5	-4	75	75	skwb8
36509057	Frontier	Fiber	FL	South	-5	-4	500	500	skwb8
37320893	Cincinnati Bell	Fiber	OH	Midwest	-5	-4	500	125	skwb8
37383545	Cincinnati Bell	Fiber	OH	Midwest	-5	-4	250	100	skwb8
37383565	Cincinnati Bell	Fiber	OH	Midwest	-5	-4	500	125	skwb8
37383577	Cincinnati Bell	Fiber	OH	Midwest	-5	-4	250	100	skwb8
37383645	Cincinnati Bell	Fiber	KY	South	-5	-4	500	125	skwb8
37383721	Cincinnati Bell	Fiber	OH	Midwest	-5	-4	500	125	skwb8
37476529	Cincinnati Bell	Fiber	OH	Midwest	-5	-4	250	100	skwb8
37692901	Cincinnati Bell	Fiber	OH	Midwest	-5	-4	500	125	skwb8
37991977	Cincinnati Bell	Fiber	OH	Midwest	-5	-4	500	125	skwb8
37992169	Verizon	Fiber	VA	South	-5	-4	200	200	skwb8
37992197	Verizon	Fiber	MA	Northeast	-5	-4	200	200	skwb8
38098085	Cincinnati Bell	Fiber	OH	Midwest	-5	-4	250	100	skwb8
38098197	Frontier	Fiber	TX	South	-6	-5	500	500	skwb8
38098273	Frontier	Fiber	TX	South	-6	-5	500	500	skwb8
38098285	Frontier	Fiber	CA	West	-8	-7	500	500	skwb8
38098293	Frontier	Fiber	FL	South	-5	-4	500	500	skwb8
38098497	Frontier	Fiber	FL	South	-5	-4	500	500	skwb8
38098501	Frontier	Fiber	TX	South	-6	-5	500	500	skwb8
38407129	Cincinnati Bell	Fiber	KY	South	-5	-4	500	125	skwb8
38616701	Cincinnati Bell	Fiber	OH	Midwest	-5	-4	250	100	skwb8
38616705	Cincinnati Bell	Fiber	OH	Midwest	-5	-4	250	100	skwb8
38616769	Frontier	Fiber	CA	West	-8	-7	500	500	skwb8
38616777	Frontier	Fiber	FL	South	-5	-4	500	500	skwb8
38966229	Frontier	Fiber	FL	South	-5	-4	500	500	skwb8
38966261	Verizon	Fiber	RI	Northeast	-5	-4	200	200	skwb8
39011053	Frontier	Fiber	CA	West	-8	-7	500	500	skwb8
39287697	Verizon	Fiber	NY	Northeast	-5	-4	100	100	skwb8
39876837	Frontier	Fiber	CA	West	-8	-7	500	500	skwb8
40206065	Frontier	Fiber	TX	South	-6	-5	500	500	skwb8
40729705	Frontier	Fiber	CA	West	-8	-7	500	500	skwb8
40729713	Frontier	Fiber	FL	South	-5	-4	500	500	skwb8
40729725	Frontier	Fiber	TX	South	-6	-5	500	500	skwb8
40729793	Frontier	Fiber	CA	West	-8	-7	500	500	skwb8
52491969	Verizon	Fiber	NJ	Northeast	-5	-4	200	200	skwb8
54730205	Cincinnati Bell	Fiber	OH	Midwest	-5	-4	250	100	skwb8
54730273	Cincinnati Bell	Fiber	OH	Midwest	-5	-4	500	125	skwb8
54730393	Cincinnati Bell	Fiber	OH	Midwest	-5	-4	250	100	skwb8
54730425	Cincinnati Bell	Fiber	OH	Midwest	-5	-4	250	100	skwb8
55105125	Frontier	Fiber	CA	West	-8	-7	500	500	skwb8
55105449	Cincinnati Bell	Fiber	OH	Midwest	-5	-4	500	125	skwb8
55458489	Verizon	Fiber	VA	South	-5	-4	75	75	skwb8
55458553	Verizon	Fiber	VA	South	-5	-4	75	75	skwb8
55458557	Verizon	Fiber	MD	South	-5	-4	200	200	skwb8
55458561	Verizon	Fiber	MA	Northeast	-5	-4	75	75	skwb8
55492133	Verizon	Fiber	VA	South	-5	-4	200	200	skwb8
55492141	Verizon	Fiber	MA	Northeast	-5	-4	200	200	skwb8
55492149	Verizon	Fiber	NY	Northeast	-5	-4	75	75	skwb8
55492185	Verizon	Fiber	PA	Northeast	-5	-4	200	200	skwb8
55492197	Verizon	Fiber	MA	Northeast	-5	-4	200	200	skwb8
55492217	Verizon	Fiber	NY	Northeast	-5	-4	75	75	skwb8
55492221	Verizon	Fiber	VA	South	-5	-4	200	200	skwb8
55492257	Verizon	Fiber	MD	South	-5	-4	75	75	skwb8
55492353	Verizon	Fiber	VA	South	-5	-4	75	75	skwb8
55492385	Verizon	Fiber	MD	South	-5	-4	200	200	skwb8
55492413	Verizon	Fiber	PA	Northeast	-5	-4	75	75	skwb8
55492441	Verizon	Fiber	NJ	Northeast	-5	-4	75	75	skwb8
55518553	Verizon	Fiber	MA	Northeast	-5	-4	200	200	skwb8
55518753	Verizon	Fiber	PA	Northeast	-5	-4	200	200	skwb8
55518837	Verizon	Fiber	VA	South	-5	-4	200	200	skwb8
55519265	Verizon	Fiber	VA	South	-5	-4	200	200	skwb8
79301237	Cincinnati Bell	Fiber	OH	Midwest	-5	-4	250	100	skwb8p
79301241	Cincinnati Bell	Fiber	OH	Midwest	-5	-4	250	100	skwb8p
79301245	Cincinnati Bell	Fiber	KY	South	-5	-4	500	125	skwb8p
